Created by Aeolus,,,,,,,,,,,,"Keep in mind, the 4th skill set (for Ranks 5, 15 and 25) is only available for some mobs",,,,,,,,,,,,,,,,,,,,,,,,,,,,,,,,,,,,,,,,,,,,,,,,,,
â„–,Mob Name,"HP of
""lowest""
maturity","Full
challenge
cost, ped",1,,2,,3,,4,,5,,,6,,7,,8,,9,,10,,,11,,12,,13,,14,,15,,,16,,17,,18,,19,,20,,,21,,22,,23,,24,,25,,,Repeatable,,,
,,,,1,Reward,2,Reward,3,Reward,4,Reward,6,Reward,,8,Reward,10,Reward,12,Reward,14,Reward,16,Reward,,18,Reward,20,Reward,24,Reward,28,Reward,32,Reward,,36,Reward,40,Reward,44,Reward,48,Reward,56,Reward,,64,Reward,72,Reward,80,Reward,90,Reward,100,Reward,,Fixed,Reward,,
,,,,Cycle cost,Set 1,Cycle cost,Set 1,Cycle cost,Set 2,Cycle cost,Set 2,Cycle cost,Set 3,Set 4,Cycle cost,Set 1,Cycle cost,Set 1,Cycle cost,Set 2,Cycle cost,Set 2,Cycle cost,Set 3,Set 4,Cycle cost,Set 1,Cycle cost,Set 1,Cycle cost,Set 2,Cycle cost,Set 2,Cycle cost,Set 3,Set 4,Cycle cost,Set 1,Cycle cost,Set 1,Cycle cost,Set 2,Cycle cost,Set 2,Cycle cost,Set 3,Set 4,Cycle cost,Set 1,Cycle cost,Set 1,Cycle cost,Set 2,Cycle cost,Set 2,Cycle cost,Set 3,Set 4,Cycle cost,Set 1,Set 2,Set 3
1,Bahri,230,23805,"28,75","0,14375","57,5","0,2875","86,25","0,26953125",115,"0,359375","172,5","0,26953125","0,1725",230,"1,15","287,5","1,4375",345,"1,078125","402,5","1,2578125",460,"0,71875","0,46","517,5","2,5875",575,"2,875",690,"2,15625",805,"2,515625",920,"1,4375","0,92",1035,"5,175",1150,"5,75",1265,"3,953125",1380,"4,3125",1610,"2,515625","1,61",1840,"9,2",2070,"10,35",2300,"7,1875","2587,5","8,0859375",2875,"4,4921875","2,875",5000,25,"15,625","7,8125"
2,Caboria,15,"1552,5","1,875","0,009375","3,75","0,01875","5,625","0,017578125","7,5","0,0234375","11,25","0,017578125","0,01125",15,"0,075","18,75","0,09375","22,5","0,0703125","26,25","0,08203125",30,"0,046875","0,03","33,75","0,16875","37,5","0,1875",45,"0,140625","52,5","0,1640625",60,"0,09375","0,06","67,5","0,3375",75,"0,375","82,5","0,2578125",90,"0,28125",105,"0,1640625","0,105",120,"0,6",135,"0,675",150,"0,46875","168,75","0,52734375","187,5","0,29296875","0,1875",5000,25,"15,625","7,8125"
3,Cthylla,5000,517500,625,"3,125",1250,"6,25",1875,"5,859375",2500,"7,8125",3750,"5,859375","3,75",5000,25,6250,"31,25",7500,"23,4375",8750,"27,34375",10000,"15,625",10,11250,"56,25",12500,"62,5",15000,"46,875",17500,"54,6875",20000,"31,25",20,22500,"112,5",25000,125,27500,"85,9375",30000,"93,75",35000,"54,6875",35,40000,200,45000,225,50000,"156,25",56250,"175,78125",62500,"97,65625","62,5",5000,25,"15,625","7,8125"
4,Cult of Shut'thend,2400,248400,300,"1,5",600,3,900,"2,8125",1200,"3,75",1800,"2,8125","1,8",2400,12,3000,15,3600,"11,25",4200,"13,125",4800,"7,5","4,8",5400,27,6000,30,7200,"22,5",8400,"26,25",9600,15,"9,6",10800,54,12000,60,13200,"41,25",14400,45,16800,"26,25","16,8",19200,96,21600,108,24000,75,27000,"84,375",30000,"46,875",30,5000,25,"15,625","7,8125"
5,Dahhar,60,6210,"7,5","0,0375",15,"0,075","22,5","0,0703125",30,"0,09375",45,"0,0703125","0,045",60,"0,3",75,"0,375",90,"0,28125",105,"0,328125",120,"0,1875","0,12",135,"0,675",150,"0,75",180,"0,5625",210,"0,65625",240,"0,375","0,24",270,"1,35",300,"1,5",330,"1,03125",360,"1,125",420,"0,65625","0,42",480,"2,4",540,"2,7",600,"1,875",675,"2,109375",750,"1,171875","0,75",5000,25,"15,625","7,8125"
6,Duhol,300,31050,"37,5","0,1875",75,"0,375","112,5","0,3515625",150,"0,46875",225,"0,3515625","0,225",300,"1,5",375,"1,875",450,"1,40625",525,"1,640625",600,"0,9375","0,6",675,"3,375",750,"3,75",900,"2,8125",1050,"3,28125",1200,"1,875","1,2",1350,"6,75",1500,"7,5",1650,"5,15625",1800,"5,625",2100,"3,28125","2,1",2400,12,2700,"13,5",3000,"9,375",3375,"10,546875",3750,"5,859375","3,75",5000,25,"15,625","7,8125"
7,Jeef Qaher,210,21735,"26,25","0,13125","52,5","0,2625","78,75","0,24609375",105,"0,328125","157,5","0,24609375","0,1575",210,"1,05","262,5","1,3125",315,"0,984375","367,5","1,1484375",420,"0,65625","0,42","472,5","2,3625",525,"2,625",630,"1,96875",735,"2,296875",840,"1,3125","0,84",945,"4,725",1050,"5,25",1155,"3,609375",1260,"3,9375",1470,"2,296875","1,47",1680,"8,4",1890,"9,45",2100,"6,5625","2362,5","7,3828125",2625,"4,1015625","2,625",5000,25,"15,625","7,8125"
8,Khaffash,180,18630,"22,5","0,1125",45,"0,225","67,5","0,2109375",90,"0,28125",135,"0,2109375","0,135",180,"0,9",225,"1,125",270,"0,84375",315,"0,984375",360,"0,5625","0,36",405,"2,025",450,"2,25",540,"1,6875",630,"1,96875",720,"1,125","0,72",810,"4,05",900,"4,5",990,"3,09375",1080,"3,375",1260,"1,96875","1,26",1440,"7,2",1620,"8,1",1800,"5,625",2025,"6,328125",2250,"3,515625","2,25",5000,25,"15,625","7,8125"
9,Lotus Invader,1400,144900,175,"0,875",350,"1,75",525,"1,640625",700,"2,1875",1050,"1,640625","1,05",1400,7,1750,"8,75",2100,"6,5625",2450,"7,65625",2800,"4,375","2,8",3150,"15,75",3500,"17,5",4200,"13,125",4900,"15,3125",5600,"8,75","5,6",6300,"31,5",7000,35,7700,"24,0625",8400,"26,25",9800,"15,3125","9,8",11200,56,12600,63,14000,"43,75",15750,"49,21875",17500,"27,34375","17,5",5000,25,"15,625","7,8125"
10,Mokhat,80,8280,10,"0,05",20,"0,1",30,"0,09375",40,"0,125",60,"0,09375","0,06",80,"0,4",100,"0,5",120,"0,375",140,"0,4375",160,"0,25","0,16",180,"0,9",200,1,240,"0,75",280,"0,875",320,"0,5","0,32",360,"1,8",400,2,440,"1,375",480,"1,5",560,"0,875","0,56",640,"3,2",720,"3,6",800,"2,5",900,"2,8125",1000,"1,5625",1,5000,25,"15,625","7,8125"
11,OTIS,1300,134550,"162,5","0,8125",325,"1,625","487,5","1,5234375",650,"2,03125",975,"1,5234375","0,975",1300,"6,5",1625,"8,125",1950,"6,09375",2275,"7,109375",2600,"4,0625","2,6",2925,"14,625",3250,"16,25",3900,"12,1875",4550,"14,21875",5200,"8,125","5,2",5850,"29,25",6500,"32,5",7150,"22,34375",7800,"24,375",9100,"14,21875","9,1",10400,52,11700,"58,5",13000,"40,625",14625,"45,703125",16250,"25,390625","16,25",5000,25,"15,625","7,8125"
12,Qaffaz,80,8280,10,"0,05",20,"0,1",30,"0,09375",40,"0,125",60,"0,09375","0,06",80,"0,4",100,"0,5",120,"0,375",140,"0,4375",160,"0,25","0,16",180,"0,9",200,1,240,"0,75",280,"0,875",320,"0,5","0,32",360,"1,8",400,2,440,"1,375",480,"1,5",560,"0,875","0,56",640,"3,2",720,"3,6",800,"2,5",900,"2,8125",1000,"1,5625",1,5000,25,"15,625","7,8125"
13,Shogghols,100,10350,"12,5","0,0625",25,"0,125","37,5","0,1171875",50,"0,15625",75,"0,1171875","0,075",100,"0,5",125,"0,625",150,"0,46875",175,"0,546875",200,"0,3125","0,2",225,"1,125",250,"1,25",300,"0,9375",350,"1,09375",400,"0,625","0,4",450,"2,25",500,"2,5",550,"1,71875",600,"1,875",700,"1,09375","0,7",800,4,900,"4,5",1000,"3,125",1125,"3,515625",1250,"1,953125","1,25",5000,25,"15,625","7,8125"
14,Spawn of Cthylla,5300,548550,"662,5","3,3125",1325,"6,625","1987,5","6,2109375",2650,"8,28125",3975,"6,2109375","3,975",5300,"26,5",6625,"33,125",7950,"24,84375",9275,"28,984375",10600,"16,5625","10,6",11925,"59,625",13250,"66,25",15900,"49,6875",18550,"57,96875",21200,"33,125","21,2",23850,"119,25",26500,"132,5",29150,"91,09375",31800,"99,375",37100,"57,96875","37,1",42400,212,47700,"238,5",53000,"165,625",59625,"186,328125",66250,"103,515625","66,25",5000,25,"15,625","7,8125"
15,Sunjoq,100,10350,"12,5","0,0625",25,"0,125","37,5","0,1171875",50,"0,15625",75,"0,1171875","0,075",100,"0,5",125,"0,625",150,"0,46875",175,"0,546875",200,"0,3125","0,2",225,"1,125",250,"1,25",300,"0,9375",350,"1,09375",400,"0,625","0,4",450,"2,25",500,"2,5",550,"1,71875",600,"1,875",700,"1,09375","0,7",800,4,900,"4,5",1000,"3,125",1125,"3,515625",1250,"1,953125","1,25",5000,25,"15,625","7,8125"
16,TabTab,10,1035,"1,25","0,00625","2,5","0,0125","3,75","0,01171875",5,"0,015625","7,5","0,01171875","0,0075",10,"0,05","12,5","0,0625",15,"0,046875","17,5","0,0546875",20,"0,03125","0,02","22,5","0,1125",25,"0,125",30,"0,09375",35,"0,109375",40,"0,0625","0,04",45,"0,225",50,"0,25",55,"0,171875",60,"0,1875",70,"0,109375","0,07",80,"0,4",90,"0,45",100,"0,3125","112,5","0,3515625",125,"0,1953125","0,125",5000,25,"15,625","7,8125"
17,Tegunestene,2200,227700,275,"1,375",550,"2,75",825,"2,578125",1100,"3,4375",1650,"2,578125","1,65",2200,11,2750,"13,75",3300,"10,3125",3850,"12,03125",4400,"6,875","4,4",4950,"24,75",5500,"27,5",6600,"20,625",7700,"24,0625",8800,"13,75","8,8",9900,"49,5",11000,55,12100,"37,8125",13200,"41,25",15400,"24,0625","15,4",17600,88,19800,99,22000,"68,75",24750,"77,34375",27500,"42,96875","27,5",5000,25,"15,625","7,8125"
18,Thawr,500,51750,"62,5","0,3125",125,"0,625","187,5","0,5859375",250,"0,78125",375,"0,5859375","0,375",500,"2,5",625,"3,125",750,"2,34375",875,"2,734375",1000,"1,5625",1,1125,"5,625",1250,"6,25",1500,"4,6875",1750,"5,46875",2000,"3,125",2,2250,"11,25",2500,"12,5",2750,"8,59375",3000,"9,375",3500,"5,46875","3,5",4000,20,4500,"22,5",5000,"15,625",5625,"17,578125",6250,"9,765625","6,25",5000,25,"15,625","7,8125"
19,Wahesh,1300,134550,"162,5","0,8125",325,"1,625","487,5","1,5234375",650,"2,03125",975,"1,5234375","0,975",1300,"6,5",1625,"8,125",1950,"6,09375",2275,"7,109375",2600,"4,0625","2,6",2925,"14,625",3250,"16,25",3900,"12,1875",4550,"14,21875",5200,"8,125","5,2",5850,"29,25",6500,"32,5",7150,"22,34375",7800,"24,375",9100,"14,21875","9,1",10400,52,11700,"58,5",13000,"40,625",14625,"45,703125",16250,"25,390625","16,25",5000,25,"15,625","7,8125"
20,Zajer,220,22770,"27,5","0,1375",55,"0,275","82,5","0,2578125",110,"0,34375",165,"0,2578125","0,165",220,"1,1",275,"1,375",330,"1,03125",385,"1,203125",440,"0,6875","0,44",495,"2,475",550,"2,75",660,"2,0625",770,"2,40625",880,"1,375","0,88",990,"4,95",1100,"5,5",1210,"3,78125",1320,"4,125",1540,"2,40625","1,54",1760,"8,8",1980,"9,9",2200,"6,875",2475,"7,734375",2750,"4,296875","2,75",5000,25,"15,625","7,8125"
21,Zokaraneus,1050,108675,"131,25","0,65625","262,5","1,3125","393,75","1,23046875",525,"1,640625","787,5","1,23046875","0,7875",1050,"5,25","1312,5","6,5625",1575,"4,921875","1837,5","5,7421875",2100,"3,28125","2,1","2362,5","11,8125",2625,"13,125",3150,"9,84375",3675,"11,484375",4200,"6,5625","4,2",4725,"23,625",5250,"26,25",5775,"18,046875",6300,"19,6875",7350,"11,484375","7,35",8400,42,9450,"47,25",10500,"32,8125","11812,5","36,9140625",13125,"20,5078125","13,125",5000,25,"15,625","7,8125"